﻿<?xml version="1.0" encoding="utf-8"?><PlaylistStructure xmlns:xsi="http://www.w3.org/2001/XMLSchema-instance" xmlns:xsd="http://www.w3.org/2001/XMLSchema"><title>neke</title><media><Media><author>DSMN</author><title>DSMN</title><description>ffffffffffffffffffffffffffffffffffffffffffffffffffffffffffffffffffffffffffffffffffffffffffffffffffffffffffffffffffffffffffffffffffffffffffffff</description><path>G:\Faks\Sola\2.letnik\uv\naloga1\vaja1\vaja1\resources\DSMN.mp4</path><imgPath>G:/Faks/Sola/2.letnik/uv/naloga1/vaja1/vaja1/resources/skyrim.png</imgPath><genre>default</genre></Media><Media><author>EBUT</author><title>EBUT</title><description>ffffffffffffffffffffffffffffffffffffffffffffffffffffffffffffffffffffffffffffffffffffffffffffffffffffffffffffffffffffffffffffffffffffffffffffff</description><path>G:\Faks\Sola\2.letnik\uv\naloga1\vaja1\vaja1\resources\EBUT.mp4</path><imgPath>G:/Faks/Sola/2.letnik/uv/naloga1/vaja1/vaja1/resources/skyrim.png</imgPath><genre>default</genre></Media><Media><author>Queen - I Want To Break Free (Official Video)(360p)</author><title>Queen - I Want To Break Free (Official Video)(360p)</title><description>ffffffffffffffffffffffffffffffffffffffffffffffffffffffffffffffffffffffffffffffffffffffffffffffffffffffffffffffffffffffffffffffffffffffffffffff</description><path>G:\Faks\Sola\2.letnik\uv\naloga1\vaja1\vaja1\resources\Queen - I Want To Break Free (Official Video)(360p).mp4</path><imgPath>G:/Faks/Sola/2.letnik/uv/naloga1/vaja1/vaja1/resources/skyrim.png</imgPath><genre>default</genre></Media></media></PlaylistStructure>